{"cameraMode":{"drawMode":0,"name":"Shaded","section":"Shading Mode"},"sceneLighting":true,"audioPlay":false,"sceneViewState":{"m_AlwaysRefresh":false,"showFog":true,"showSkybox":true,"showFlares":true,"showImageEffects":true,"showParticleSystems":true,"showVisualEffectGraphs":true,"m_FxEnabled":true},"in2DMode":false,"pivot":{"x":-0.500180721282959,"y":0.38579845428466799,"z":0.7920570373535156},"rotation":{"x":0.02999279648065567,"y":-0.013780003413558007,"z":0.0004134916525799781,"w":0.9994652271270752},"size":6.8943190574646,"orthographic":true}